BENE_ID|CLM_ID|NCH_NEAR_LINE_REC_IDENT_CD|NCH_CLM_TYPE_CD|CLM_FROM_DT|CLM_THRU_DT|NCH_WKLY_PROC_DT|FI_CLM_PROC_DT|CLAIM_QUERY_CODE|PRVDR_NUM|CLM_FAC_TYPE_CD|CLM_SRVC_CLSFCTN_TYPE_CD|CLM_FREQ_CD|FI_NUM|CLM_MDCR_NON_PMT_RSN_CD|CLM_PMT_AMT|NCH_PRMRY_PYR_CLM_PD_AMT|NCH_PRMRY_PYR_CD|FI_CLM_ACTN_CD|PRVDR_STATE_CD|ORG_NPI_NUM|AT_PHYSN_UPIN|AT_PHYSN_NPI|OP_PHYSN_UPIN|OP_PHYSN_NPI|OT_PHYSN_UPIN|OT_PHYSN_NPI|CLM_MCO_PD_SW|PTNT_DSCHRG_STUS_CD|CLM_PPS_IND_CD|CLM_TOT_CHRG_AMT|CLM_ADMSN_DT|CLM_IP_ADMSN_TYPE_CD|CLM_SRC_IP_ADMSN_CD|NCH_PTNT_STATUS_IND_CD|CLM_PASS_THRU_PER_DIEM_AMT|NCH_BENE_IP_DDCTBL_AMT|NCH_BENE_PTA_COINSRNC_LBLTY_AM|NCH_BENE_BLOOD_DDCTBL_LBLTY_AM|NCH_PROFNL_CMPNT_CHRG_AMT|NCH_IP_NCVRD_CHRG_AMT|NCH_IP_TOT_DDCTN_AMT|CLM_TOT_PPS_CPTL_AMT|CLM_PPS_CPTL_FSP_AMT|CLM_PPS_CPTL_OUTLIER_AMT|CLM_PPS_CPTL_DSPRPRTNT_SHR_AMT|CLM_PPS_CPTL_IME_AMT|CLM_PPS_CPTL_EXCPTN_AMT|CLM_PPS_OLD_CPTL_HLD_HRMLS_AMT|CLM_PPS_CPTL_DRG_WT_NUM|CLM_UTLZTN_DAY_CNT|BENE_TOT_COINSRNC_DAYS_CNT|BENE_LRD_USED_CNT|CLM_NON_UTLZTN_DAYS_CNT|NCH_BLOOD_PNTS_FRNSHD_QTY|NCH_VRFD_NCVRD_STAY_FROM_DT|NCH_VRFD_NCVRD_STAY_THRU_DT|NCH_ACTV_OR_CVRD_LVL_CARE_THRU|NCH_BENE_MDCR_BNFTS_EXHTD_DT_I|NCH_BENE_DSCHRG_DT|CLM_DRG_CD|CLM_DRG_OUTLIER_STAY_CD|NCH_DRG_OUTLIER_APRVD_PMT_AMT|ADMTG_DGNS_CD|PRNCPAL_DGNS_CD|ICD_DGNS_CD1|CLM_POA_IND_SW1|ICD_DGNS_CD2|CLM_POA_IND_SW2|ICD_DGNS_CD3|CLM_POA_IND_SW3|ICD_DGNS_CD4|CLM_POA_IND_SW4|ICD_DGNS_CD5|CLM_POA_IND_SW5|ICD_DGNS_CD6|CLM_POA_IND_SW6|ICD_DGNS_CD7|CLM_POA_IND_SW7|ICD_DGNS_CD8|CLM_POA_IND_SW8|ICD_DGNS_CD9|CLM_POA_IND_SW9|ICD_DGNS_CD10|CLM_POA_IND_SW10|ICD_DGNS_CD11|CLM_POA_IND_SW11|ICD_DGNS_CD12|CLM_POA_IND_SW12|ICD_DGNS_CD13|CLM_POA_IND_SW13|ICD_DGNS_CD14|CLM_POA_IND_SW14|ICD_DGNS_CD15|CLM_POA_IND_SW15|ICD_DGNS_CD16|CLM_POA_IND_SW16|ICD_DGNS_CD17|CLM_POA_IND_SW17|ICD_DGNS_CD18|CLM_POA_IND_SW18|ICD_DGNS_CD19|CLM_POA_IND_SW19|ICD_DGNS_CD20|CLM_POA_IND_SW20|ICD_DGNS_CD21|CLM_POA_IND_SW21|ICD_DGNS_CD22|CLM_POA_IND_SW22|ICD_DGNS_CD23|CLM_POA_IND_SW23|ICD_DGNS_CD24|CLM_POA_IND_SW24|ICD_DGNS_CD25|CLM_POA_IND_SW25|FST_DGNS_E_CD|ICD_DGNS_E_CD1|CLM_E_POA_IND_SW1|ICD_DGNS_E_CD2|CLM_E_POA_IND_SW2|ICD_DGNS_E_CD3|CLM_E_POA_IND_SW3|ICD_DGNS_E_CD4|CLM_E_POA_IND_SW4|ICD_DGNS_E_CD5|CLM_E_POA_IND_SW5|ICD_DGNS_E_CD6|CLM_E_POA_IND_SW6|ICD_DGNS_E_CD7|CLM_E_POA_IND_SW7|ICD_DGNS_E_CD8|CLM_E_POA_IND_SW8|ICD_DGNS_E_CD9|CLM_E_POA_IND_SW9|ICD_DGNS_E_CD10|CLM_E_POA_IND_SW10|ICD_DGNS_E_CD11|CLM_E_POA_IND_SW11|ICD_DGNS_E_CD12|CLM_E_POA_IND_SW12|ICD_PRCDR_CD1|PRCDR_DT1|ICD_PRCDR_CD2|PRCDR_DT2|ICD_PRCDR_CD3|PRCDR_DT3|ICD_PRCDR_CD4|PRCDR_DT4|ICD_PRCDR_CD5|PRCDR_DT5|ICD_PRCDR_CD6|PRCDR_DT6|ICD_PRCDR_CD7|PRCDR_DT7|ICD_PRCDR_CD8|PRCDR_DT8|ICD_PRCDR_CD9|PRCDR_DT9|ICD_PRCDR_CD10|PRCDR_DT10|ICD_PRCDR_CD11|PRCDR_DT11|ICD_PRCDR_CD12|PRCDR_DT12|ICD_PRCDR_CD13|PRCDR_DT13|ICD_PRCDR_CD14|PRCDR_DT14|ICD_PRCDR_CD15|PRCDR_DT15|ICD_PRCDR_CD16|PRCDR_DT16|ICD_PRCDR_CD17|PRCDR_DT17|ICD_PRCDR_CD18|PRCDR_DT18|ICD_PRCDR_CD19|PRCDR_DT19|ICD_PRCDR_CD20|PRCDR_DT20|ICD_PRCDR_CD21|PRCDR_DT21|ICD_PRCDR_CD22|PRCDR_DT22|ICD_PRCDR_CD23|PRCDR_DT23|ICD_PRCDR_CD24|PRCDR_DT24|ICD_PRCDR_CD25|PRCDR_DT25|IME_OP_CLM_VAL_AMT|DSH_OP_CLM_VAL_AMT|CLM_UNCOMPD_CARE_PMT_AMT|CLM_LINE_NUM|REV_CNTR|HCPCS_CD|REV_CNTR_DDCTBL_COINSRNC_CD|ingestion_timestamp|hospital_id|batch_id
-10000010259786|-10000930272285|V|60|27-Dec-2022|27-Dec-2022|30-Dec-2022||3|107522|1|1|1|| |521.78|0.0| ||10|1992753768| |9999623793| |9999623793|||0|1| |521.78|27-Dec-2022|1|5|A|10|0.0|104.35|0|4|0.0|0.0|0|0|0|0|0|0|0|0|0|0|0|0|0|||||27-Dec-2022|951.0|0|0||Z604|Z604|Y|Z733|Y|G309|Y|N182|Y|E1129|N|I1310|N|E1121|Y|I252|Y|I214|Y|E113592|N|E113299|Y|E1140|Y|R739|Y|E11319|Y|E785|Y|E781|Y|E8881|Y|Z653|Y|E119|Y|R931|Y|I259|Y|E669|Y|R7303|Y|D649|Y|M179|Y|W86|W86|Y| | | | | | | | | | | | | | | | | | | | | | |||||||||||||||||||||||||||||||||||||||||||||||||||0|0||1|450|99221||2022-12-28T00:00:00|hospital_E|hospital_E_20221227
SYN_BENE_282D8216C8F4|SYN_CLM_83E6AA773034|V|60|27-Dec-2022|27-Dec-2022|30-Dec-2022||3|107522|1|1|1|| |521.78|0.0| ||10|1992753768| |9999623793| |9999623793|||0|1| |521.78|27-Dec-2022|1|5|A|10|0.0|104.35|0|4|0.0|0.0|0|0|0|0|0|0|0|0|0|0|0|0|0|||||27-Dec-2022|951.0|0|0||Z604|Z604|Y|Z733|Y|G309|Y|N182|Y|E1129|N|I1310|N|E1121|Y|I252|Y|I214|Y|E113592|N|E113299|Y|E1140|Y|R739|Y|E11319|Y|E785|Y|E781|Y|E8881|Y|Z653|Y|E119|Y|R931|Y|I259|Y|E669|Y|R7303|Y|D649|Y|M179|Y|W86|W86|Y| | | | | | | | | | | | | | | | | | | | | | |||||||||||||||||||||||||||||||||||||||||||||||||||0|0||1|450|99221||2022-12-28T00:00:00|hospital_E|hospital_E_20221227
SYN_BENE_4834CB6F7B08|SYN_CLM_8FC7FFB44CFA|V|60|27-Dec-2022|27-Dec-2022|30-Dec-2022||3|107522|1|1|1|| |521.78|0.0| ||10|1992753768| |9999623793| |9999623793|||0|1| |521.78|27-Dec-2022|1|5|A|10|0.0|104.35|0|4|0.0|0.0|0|0|0|0|0|0|0|0|0|0|0|0|0|||||27-Dec-2022|951.0|0|0||Z604|Z604|Y|Z733|Y|G309|Y|N182|Y|E1129|N|I1310|N|E1121|Y|I252|Y|I214|Y|E113592|N|E113299|Y|E1140|Y|R739|Y|E11319|Y|E785|Y|E781|Y|E8881|Y|Z653|Y|E119|Y|R931|Y|I259|Y|E669|Y|R7303|Y|D649|Y|M179|Y|W86|W86|Y| | | | | | | | | | | | | | | | | | | | | | |||||||||||||||||||||||||||||||||||||||||||||||||||0|0||1|450|99221||2022-12-28T00:00:00|hospital_E|hospital_E_20221227
SYN_BENE_E204CDC2F5AB|SYN_CLM_D39D36A11A1A|V|60|27-Dec-2022|27-Dec-2022|30-Dec-2022||3|107522|1|1|1|| |521.78|0.0| ||10|1992753768| |9999623793| |9999623793|||0|1| |521.78|27-Dec-2022|1|5|A|10|0.0|104.35|0|4|0.0|0.0|0|0|0|0|0|0|0|0|0|0|0|0|0|||||27-Dec-2022|951.0|0|0||Z604|Z604|Y|Z733|Y|G309|Y|N182|Y|E1129|N|I1310|N|E1121|Y|I252|Y|I214|Y|E113592|N|E113299|Y|E1140|Y|R739|Y|E11319|Y|E785|Y|E781|Y|E8881|Y|Z653|Y|E119|Y|R931|Y|I259|Y|E669|Y|R7303|Y|D649|Y|M179|Y|W86|W86|Y| | | | | | | | | | | | | | | | | | | | | | |||||||||||||||||||||||||||||||||||||||||||||||||||0|0||1|450|99221||2022-12-28T00:00:00|hospital_E|hospital_E_20221227
SYN_BENE_F4A1A1790E77|SYN_CLM_F7E208498AC9|V|60|27-Dec-2022|27-Dec-2022|30-Dec-2022||3|107522|1|1|1|| |521.78|0.0| ||10|1992753768| |9999623793| |9999623793|||0|1| |521.78|27-Dec-2022|1|5|A|10|0.0|104.35|0|4|0.0|0.0|0|0|0|0|0|0|0|0|0|0|0|0|0|||||27-Dec-2022|951.0|0|0||Z604|Z604|Y|Z733|Y|G309|Y|N182|Y|E1129|N|I1310|N|E1121|Y|I252|Y|I214|Y|E113592|N|E113299|Y|E1140|Y|R739|Y|E11319|Y|E785|Y|E781|Y|E8881|Y|Z653|Y|E119|Y|R931|Y|I259|Y|E669|Y|R7303|Y|D649|Y|M179|Y|W86|W86|Y| | | | | | | | | | | | | | | | | | | | | | |||||||||||||||||||||||||||||||||||||||||||||||||||0|0||1|450|99221||2022-12-28T00:00:00|hospital_E|hospital_E_20221227
SYN_BENE_C617A3A08B8E|SYN_CLM_2CA1DC95B967|V|60|27-Dec-2022|27-Dec-2022|30-Dec-2022||3|107522|1|1|1|| |521.78|0.0| ||10|1992753768| |9999623793| |9999623793|||0|1| |521.78|27-Dec-2022|1|5|A|10|0.0|104.35|0|4|0.0|0.0|0|0|0|0|0|0|0|0|0|0|0|0|0|||||27-Dec-2022|951.0|0|0||Z604|Z604|Y|Z733|Y|G309|Y|N182|Y|E1129|N|I1310|N|E1121|Y|I252|Y|I214|Y|E113592|N|E113299|Y|E1140|Y|R739|Y|E11319|Y|E785|Y|E781|Y|E8881|Y|Z653|Y|E119|Y|R931|Y|I259|Y|E669|Y|R7303|Y|D649|Y|M179|Y|W86|W86|Y| | | | | | | | | | | | | | | | | | | | | | |||||||||||||||||||||||||||||||||||||||||||||||||||0|0||1|450|99221||2022-12-28T00:00:00|hospital_E|hospital_E_20221227
SYN_BENE_62622908A8AA|SYN_CLM_489DC51C7990|V|60|27-Dec-2022|27-Dec-2022|30-Dec-2022||3|107522|1|1|1|| |521.78|0.0| ||10|1992753768| |9999623793| |9999623793|||0|1| |521.78|27-Dec-2022|1|5|A|10|0.0|104.35|0|4|0.0|0.0|0|0|0|0|0|0|0|0|0|0|0|0|0|||||27-Dec-2022|951.0|0|0||Z604|Z604|Y|Z733|Y|G309|Y|N182|Y|E1129|N|I1310|N|E1121|Y|I252|Y|I214|Y|E113592|N|E113299|Y|E1140|Y|R739|Y|E11319|Y|E785|Y|E781|Y|E8881|Y|Z653|Y|E119|Y|R931|Y|I259|Y|E669|Y|R7303|Y|D649|Y|M179|Y|W86|W86|Y| | | | | | | | | | | | | | | | | | | | | | |||||||||||||||||||||||||||||||||||||||||||||||||||0|0||1|450|99221||2022-12-28T00:00:00|hospital_E|hospital_E_20221227
SYN_BENE_0EB76590BC86|SYN_CLM_184F0DD0AD6A|V|60|27-Dec-2022|27-Dec-2022|30-Dec-2022||3|107522|1|1|1|| |521.78|0.0| ||10|1992753768| |9999623793| |9999623793|||0|1| |521.78|27-Dec-2022|1|5|A|10|0.0|104.35|0|4|0.0|0.0|0|0|0|0|0|0|0|0|0|0|0|0|0|||||27-Dec-2022|951.0|0|0||Z604|Z604|Y|Z733|Y|G309|Y|N182|Y|E1129|N|I1310|N|E1121|Y|I252|Y|I214|Y|E113592|N|E113299|Y|E1140|Y|R739|Y|E11319|Y|E785|Y|E781|Y|E8881|Y|Z653|Y|E119|Y|R931|Y|I259|Y|E669|Y|R7303|Y|D649|Y|M179|Y|W86|W86|Y| | | | | | | | | | | | | | | | | | | | | | |||||||||||||||||||||||||||||||||||||||||||||||||||0|0||1|450|99221||2022-12-28T00:00:00|hospital_E|hospital_E_20221227
SYN_BENE_D04CC88ADCE2|SYN_CLM_465C73E64164|V|60|27-Dec-2022|27-Dec-2022|30-Dec-2022||3|107522|1|1|1|| |521.78|0.0| ||10|1992753768| |9999623793| |9999623793|||0|1| |521.78|27-Dec-2022|1|5|A|10|0.0|104.35|0|4|0.0|0.0|0|0|0|0|0|0|0|0|0|0|0|0|0|||||27-Dec-2022|951.0|0|0||Z604|Z604|Y|Z733|Y|G309|Y|N182|Y|E1129|N|I1310|N|E1121|Y|I252|Y|I214|Y|E113592|N|E113299|Y|E1140|Y|R739|Y|E11319|Y|E785|Y|E781|Y|E8881|Y|Z653|Y|E119|Y|R931|Y|I259|Y|E669|Y|R7303|Y|D649|Y|M179|Y|W86|W86|Y| | | | | | | | | | | | | | | | | | | | | | |||||||||||||||||||||||||||||||||||||||||||||||||||0|0||1|450|99221||2022-12-28T00:00:00|hospital_E|hospital_E_20221227
SYN_BENE_A2A1B3F5AE57|SYN_CLM_88701FF6AB53|V|60|27-Dec-2022|27-Dec-2022|30-Dec-2022||3|107522|1|1|1|| |521.78|0.0| ||10|1992753768| |9999623793| |9999623793|||0|1| |521.78|27-Dec-2022|1|5|A|10|0.0|104.35|0|4|0.0|0.0|0|0|0|0|0|0|0|0|0|0|0|0|0|||||27-Dec-2022|951.0|0|0||Z604|Z604|Y|Z733|Y|G309|Y|N182|Y|E1129|N|I1310|N|E1121|Y|I252|Y|I214|Y|E113592|N|E113299|Y|E1140|Y|R739|Y|E11319|Y|E785|Y|E781|Y|E8881|Y|Z653|Y|E119|Y|R931|Y|I259|Y|E669|Y|R7303|Y|D649|Y|M179|Y|W86|W86|Y| | | | | | | | | | | | | | | | | | | | | | |||||||||||||||||||||||||||||||||||||||||||||||||||0|0||1|450|99221||2022-12-28T00:00:00|hospital_E|hospital_E_20221227
SYN_BENE_2BC16B23A6B7|SYN_CLM_3D550CC99795|V|60|27-Dec-2022|27-Dec-2022|30-Dec-2022||3|107522|1|1|1|| |521.78|0.0| ||10|1992753768| |9999623793| |9999623793|||0|1| |521.78|27-Dec-2022|1|5|A|10|0.0|104.35|0|4|0.0|0.0|0|0|0|0|0|0|0|0|0|0|0|0|0|||||27-Dec-2022|951.0|0|0||Z604|Z604|Y|Z733|Y|G309|Y|N182|Y|E1129|N|I1310|N|E1121|Y|I252|Y|I214|Y|E113592|N|E113299|Y|E1140|Y|R739|Y|E11319|Y|E785|Y|E781|Y|E8881|Y|Z653|Y|E119|Y|R931|Y|I259|Y|E669|Y|R7303|Y|D649|Y|M179|Y|W86|W86|Y| | | | | | | | | | | | | | | | | | | | | | |||||||||||||||||||||||||||||||||||||||||||||||||||0|0||1|450|99221||2022-12-28T00:00:00|hospital_E|hospital_E_20221227
SYN_BENE_57085D8E982C|SYN_CLM_7C46B24713B7|V|60|27-Dec-2022|27-Dec-2022|30-Dec-2022||3|107522|1|1|1|| |521.78|0.0| ||10|1992753768| |9999623793| |9999623793|||0|1| |521.78|27-Dec-2022|1|5|A|10|0.0|104.35|0|4|0.0|0.0|0|0|0|0|0|0|0|0|0|0|0|0|0|||||27-Dec-2022|951.0|0|0||Z604|Z604|Y|Z733|Y|G309|Y|N182|Y|E1129|N|I1310|N|E1121|Y|I252|Y|I214|Y|E113592|N|E113299|Y|E1140|Y|R739|Y|E11319|Y|E785|Y|E781|Y|E8881|Y|Z653|Y|E119|Y|R931|Y|I259|Y|E669|Y|R7303|Y|D649|Y|M179|Y|W86|W86|Y| | | | | | | | | | | | | | | | | | | | | | |||||||||||||||||||||||||||||||||||||||||||||||||||0|0||1|450|99221||2022-12-28T00:00:00|hospital_E|hospital_E_20221227
SYN_BENE_2D78F5968D6C|SYN_CLM_5604F6B5B49D|V|60|27-Dec-2022|27-Dec-2022|30-Dec-2022||3|107522|1|1|1|| |521.78|0.0| ||10|1992753768| |9999623793| |9999623793|||0|1| |521.78|27-Dec-2022|1|5|A|10|0.0|104.35|0|4|0.0|0.0|0|0|0|0|0|0|0|0|0|0|0|0|0|||||27-Dec-2022|951.0|0|0||Z604|Z604|Y|Z733|Y|G309|Y|N182|Y|E1129|N|I1310|N|E1121|Y|I252|Y|I214|Y|E113592|N|E113299|Y|E1140|Y|R739|Y|E11319|Y|E785|Y|E781|Y|E8881|Y|Z653|Y|E119|Y|R931|Y|I259|Y|E669|Y|R7303|Y|D649|Y|M179|Y|W86|W86|Y| | | | | | | | | | | | | | | | | | | | | | |||||||||||||||||||||||||||||||||||||||||||||||||||0|0||1|450|99221||2022-12-28T00:00:00|hospital_E|hospital_E_20221227
SYN_BENE_AE62C416E39D|SYN_CLM_067E878CB833|V|60|27-Dec-2022|27-Dec-2022|30-Dec-2022||3|107522|1|1|1|| |521.78|0.0| ||10|1992753768| |9999623793| |9999623793|||0|1| |521.78|27-Dec-2022|1|5|A|10|0.0|104.35|0|4|0.0|0.0|0|0|0|0|0|0|0|0|0|0|0|0|0|||||27-Dec-2022|951.0|0|0||Z604|Z604|Y|Z733|Y|G309|Y|N182|Y|E1129|N|I1310|N|E1121|Y|I252|Y|I214|Y|E113592|N|E113299|Y|E1140|Y|R739|Y|E11319|Y|E785|Y|E781|Y|E8881|Y|Z653|Y|E119|Y|R931|Y|I259|Y|E669|Y|R7303|Y|D649|Y|M179|Y|W86|W86|Y| | | | | | | | | | | | | | | | | | | | | | |||||||||||||||||||||||||||||||||||||||||||||||||||0|0||1|450|99221||2022-12-28T00:00:00|hospital_E|hospital_E_20221227
SYN_BENE_C82A723A8F7D|SYN_CLM_5C16AEACF2AB|V|60|27-Dec-2022|27-Dec-2022|30-Dec-2022||3|107522|1|1|1|| |521.78|0.0| ||10|1992753768| |9999623793| |9999623793|||0|1| |521.78|27-Dec-2022|1|5|A|10|0.0|104.35|0|4|0.0|0.0|0|0|0|0|0|0|0|0|0|0|0|0|0|||||27-Dec-2022|951.0|0|0||Z604|Z604|Y|Z733|Y|G309|Y|N182|Y|E1129|N|I1310|N|E1121|Y|I252|Y|I214|Y|E113592|N|E113299|Y|E1140|Y|R739|Y|E11319|Y|E785|Y|E781|Y|E8881|Y|Z653|Y|E119|Y|R931|Y|I259|Y|E669|Y|R7303|Y|D649|Y|M179|Y|W86|W86|Y| | | | | | | | | | | | | | | | | | | | | | |||||||||||||||||||||||||||||||||||||||||||||||||||0|0||1|450|99221||2022-12-28T00:00:00|hospital_E|hospital_E_20221227
SYN_BENE_7587CA8F34B2|SYN_CLM_8EF40E93E5E6|V|60|27-Dec-2022|27-Dec-2022|30-Dec-2022||3|107522|1|1|1|| |521.78|0.0| ||10|1992753768| |9999623793| |9999623793|||0|1| |521.78|27-Dec-2022|1|5|A|10|0.0|104.35|0|4|0.0|0.0|0|0|0|0|0|0|0|0|0|0|0|0|0|||||27-Dec-2022|951.0|0|0||Z604|Z604|Y|Z733|Y|G309|Y|N182|Y|E1129|N|I1310|N|E1121|Y|I252|Y|I214|Y|E113592|N|E113299|Y|E1140|Y|R739|Y|E11319|Y|E785|Y|E781|Y|E8881|Y|Z653|Y|E119|Y|R931|Y|I259|Y|E669|Y|R7303|Y|D649|Y|M179|Y|W86|W86|Y| | | | | | | | | | | | | | | | | | | | | | |||||||||||||||||||||||||||||||||||||||||||||||||||0|0||1|450|99221||2022-12-28T00:00:00|hospital_E|hospital_E_20221227
SYN_BENE_98FB654CF2AC|SYN_CLM_D6234F9776C8|V|60|27-Dec-2022|27-Dec-2022|30-Dec-2022||3|107522|1|1|1|| |521.78|0.0| ||10|1992753768| |9999623793| |9999623793|||0|1| |521.78|27-Dec-2022|1|5|A|10|0.0|104.35|0|4|0.0|0.0|0|0|0|0|0|0|0|0|0|0|0|0|0|||||27-Dec-2022|951.0|0|0||Z604|Z604|Y|Z733|Y|G309|Y|N182|Y|E1129|N|I1310|N|E1121|Y|I252|Y|I214|Y|E113592|N|E113299|Y|E1140|Y|R739|Y|E11319|Y|E785|Y|E781|Y|E8881|Y|Z653|Y|E119|Y|R931|Y|I259|Y|E669|Y|R7303|Y|D649|Y|M179|Y|W86|W86|Y| | | | | | | | | | | | | | | | | | | | | | |||||||||||||||||||||||||||||||||||||||||||||||||||0|0||1|450|99221||2022-12-28T00:00:00|hospital_E|hospital_E_20221227
SYN_BENE_98DC8690B847|SYN_CLM_071595CCDC01|V|60|27-Dec-2022|27-Dec-2022|30-Dec-2022||3|107522|1|1|1|| |521.78|0.0| ||10|1992753768| |9999623793| |9999623793|||0|1| |521.78|27-Dec-2022|1|5|A|10|0.0|104.35|0|4|0.0|0.0|0|0|0|0|0|0|0|0|0|0|0|0|0|||||27-Dec-2022|951.0|0|0||Z604|Z604|Y|Z733|Y|G309|Y|N182|Y|E1129|N|I1310|N|E1121|Y|I252|Y|I214|Y|E113592|N|E113299|Y|E1140|Y|R739|Y|E11319|Y|E785|Y|E781|Y|E8881|Y|Z653|Y|E119|Y|R931|Y|I259|Y|E669|Y|R7303|Y|D649|Y|M179|Y|W86|W86|Y| | | | | | | | | | | | | | | | | | | | | | |||||||||||||||||||||||||||||||||||||||||||||||||||0|0||1|450|99221||2022-12-28T00:00:00|hospital_E|hospital_E_20221227
SYN_BENE_E52571B4DBFD|SYN_CLM_456723E8D246|V|60|27-Dec-2022|27-Dec-2022|30-Dec-2022||3|107522|1|1|1|| |521.78|0.0| ||10|1992753768| |9999623793| |9999623793|||0|1| |521.78|27-Dec-2022|1|5|A|10|0.0|104.35|0|4|0.0|0.0|0|0|0|0|0|0|0|0|0|0|0|0|0|||||27-Dec-2022|951.0|0|0||Z604|Z604|Y|Z733|Y|G309|Y|N182|Y|E1129|N|I1310|N|E1121|Y|I252|Y|I214|Y|E113592|N|E113299|Y|E1140|Y|R739|Y|E11319|Y|E785|Y|E781|Y|E8881|Y|Z653|Y|E119|Y|R931|Y|I259|Y|E669|Y|R7303|Y|D649|Y|M179|Y|W86|W86|Y| | | | | | | | | | | | | | | | | | | | | | |||||||||||||||||||||||||||||||||||||||||||||||||||0|0||1|450|99221||2022-12-28T00:00:00|hospital_E|hospital_E_20221227
SYN_BENE_102F43F0588A|SYN_CLM_5B083AB7CB08|V|60|27-Dec-2022|27-Dec-2022|30-Dec-2022||3|107522|1|1|1|| |521.78|0.0| ||10|1992753768| |9999623793| |9999623793|||0|1| |521.78|27-Dec-2022|1|5|A|10|0.0|104.35|0|4|0.0|0.0|0|0|0|0|0|0|0|0|0|0|0|0|0|||||27-Dec-2022|951.0|0|0||Z604|Z604|Y|Z733|Y|G309|Y|N182|Y|E1129|N|I1310|N|E1121|Y|I252|Y|I214|Y|E113592|N|E113299|Y|E1140|Y|R739|Y|E11319|Y|E785|Y|E781|Y|E8881|Y|Z653|Y|E119|Y|R931|Y|I259|Y|E669|Y|R7303|Y|D649|Y|M179|Y|W86|W86|Y| | | | | | | | | | | | | | | | | | | | | | |||||||||||||||||||||||||||||||||||||||||||||||||||0|0||1|450|99221||2022-12-28T00:00:00|hospital_E|hospital_E_20221227
SYN_BENE_F50EF67128DF|SYN_CLM_7F691C15C451|V|60|27-Dec-2022|27-Dec-2022|30-Dec-2022||3|107522|1|1|1|| |521.78|0.0| ||10|1992753768| |9999623793| |9999623793|||0|1| |521.78|27-Dec-2022|1|5|A|10|0.0|104.35|0|4|0.0|0.0|0|0|0|0|0|0|0|0|0|0|0|0|0|||||27-Dec-2022|951.0|0|0||Z604|Z604|Y|Z733|Y|G309|Y|N182|Y|E1129|N|I1310|N|E1121|Y|I252|Y|I214|Y|E113592|N|E113299|Y|E1140|Y|R739|Y|E11319|Y|E785|Y|E781|Y|E8881|Y|Z653|Y|E119|Y|R931|Y|I259|Y|E669|Y|R7303|Y|D649|Y|M179|Y|W86|W86|Y| | | | | | | | | | | | | | | | | | | | | | |||||||||||||||||||||||||||||||||||||||||||||||||||0|0||1|450|99221||2022-12-28T00:00:00|hospital_E|hospital_E_20221227
SYN_BENE_CB16F4243A51|SYN_CLM_CB8761D395DF|V|60|27-Dec-2022|27-Dec-2022|30-Dec-2022||3|107522|1|1|1|| |521.78|0.0| ||10|1992753768| |9999623793| |9999623793|||0|1| |521.78|27-Dec-2022|1|5|A|10|0.0|104.35|0|4|0.0|0.0|0|0|0|0|0|0|0|0|0|0|0|0|0|||||27-Dec-2022|951.0|0|0||Z604|Z604|Y|Z733|Y|G309|Y|N182|Y|E1129|N|I1310|N|E1121|Y|I252|Y|I214|Y|E113592|N|E113299|Y|E1140|Y|R739|Y|E11319|Y|E785|Y|E781|Y|E8881|Y|Z653|Y|E119|Y|R931|Y|I259|Y|E669|Y|R7303|Y|D649|Y|M179|Y|W86|W86|Y| | | | | | | | | | | | | | | | | | | | | | |||||||||||||||||||||||||||||||||||||||||||||||||||0|0||1|450|99221||2022-12-28T00:00:00|hospital_E|hospital_E_20221227
SYN_BENE_713409DEA69C|SYN_CLM_F44065E5528D|V|60|27-Dec-2022|27-Dec-2022|30-Dec-2022||3|107522|1|1|1|| |521.78|0.0| ||10|1992753768| |9999623793| |9999623793|||0|1| |521.78|27-Dec-2022|1|5|A|10|0.0|104.35|0|4|0.0|0.0|0|0|0|0|0|0|0|0|0|0|0|0|0|||||27-Dec-2022|951.0|0|0||Z604|Z604|Y|Z733|Y|G309|Y|N182|Y|E1129|N|I1310|N|E1121|Y|I252|Y|I214|Y|E113592|N|E113299|Y|E1140|Y|R739|Y|E11319|Y|E785|Y|E781|Y|E8881|Y|Z653|Y|E119|Y|R931|Y|I259|Y|E669|Y|R7303|Y|D649|Y|M179|Y|W86|W86|Y| | | | | | | | | | | | | | | | | | | | | | |||||||||||||||||||||||||||||||||||||||||||||||||||0|0||1|450|99221||2022-12-28T00:00:00|hospital_E|hospital_E_20221227
SYN_BENE_3DCC35004D4F|SYN_CLM_5BD8FBC42895|V|60|27-Dec-2022|27-Dec-2022|30-Dec-2022||3|107522|1|1|1|| |521.78|0.0| ||10|1992753768| |9999623793| |9999623793|||0|1| |521.78|27-Dec-2022|1|5|A|10|0.0|104.35|0|4|0.0|0.0|0|0|0|0|0|0|0|0|0|0|0|0|0|||||27-Dec-2022|951.0|0|0||Z604|Z604|Y|Z733|Y|G309|Y|N182|Y|E1129|N|I1310|N|E1121|Y|I252|Y|I214|Y|E113592|N|E113299|Y|E1140|Y|R739|Y|E11319|Y|E785|Y|E781|Y|E8881|Y|Z653|Y|E119|Y|R931|Y|I259|Y|E669|Y|R7303|Y|D649|Y|M179|Y|W86|W86|Y| | | | | | | | | | | | | | | | | | | | | | |||||||||||||||||||||||||||||||||||||||||||||||||||0|0||1|450|99221||2022-12-28T00:00:00|hospital_E|hospital_E_20221227
SYN_BENE_8DAF22E5F9CA|SYN_CLM_C1962498DDC4|V|60|27-Dec-2022|27-Dec-2022|30-Dec-2022||3|107522|1|1|1|| |521.78|0.0| ||10|1992753768| |9999623793| |9999623793|||0|1| |521.78|27-Dec-2022|1|5|A|10|0.0|104.35|0|4|0.0|0.0|0|0|0|0|0|0|0|0|0|0|0|0|0|||||27-Dec-2022|951.0|0|0||Z604|Z604|Y|Z733|Y|G309|Y|N182|Y|E1129|N|I1310|N|E1121|Y|I252|Y|I214|Y|E113592|N|E113299|Y|E1140|Y|R739|Y|E11319|Y|E785|Y|E781|Y|E8881|Y|Z653|Y|E119|Y|R931|Y|I259|Y|E669|Y|R7303|Y|D649|Y|M179|Y|W86|W86|Y| | | | | | | | | | | | | | | | | | | | | | |||||||||||||||||||||||||||||||||||||||||||||||||||0|0||1|450|99221||2022-12-28T00:00:00|hospital_E|hospital_E_20221227
SYN_BENE_1212106AE955|SYN_CLM_3CCD89CD4B75|V|60|27-Dec-2022|27-Dec-2022|30-Dec-2022||3|107522|1|1|1|| |521.78|0.0| ||10|1992753768| |9999623793| |9999623793|||0|1| |521.78|27-Dec-2022|1|5|A|10|0.0|104.35|0|4|0.0|0.0|0|0|0|0|0|0|0|0|0|0|0|0|0|||||27-Dec-2022|951.0|0|0||Z604|Z604|Y|Z733|Y|G309|Y|N182|Y|E1129|N|I1310|N|E1121|Y|I252|Y|I214|Y|E113592|N|E113299|Y|E1140|Y|R739|Y|E11319|Y|E785|Y|E781|Y|E8881|Y|Z653|Y|E119|Y|R931|Y|I259|Y|E669|Y|R7303|Y|D649|Y|M179|Y|W86|W86|Y| | | | | | | | | | | | | | | | | | | | | | |||||||||||||||||||||||||||||||||||||||||||||||||||0|0||1|450|99221||2022-12-28T00:00:00|hospital_E|hospital_E_20221227
SYN_BENE_78D477153A37|SYN_CLM_7CD0D275D892|V|60|27-Dec-2022|27-Dec-2022|30-Dec-2022||3|107522|1|1|1|| |521.78|0.0| ||10|1992753768| |9999623793| |9999623793|||0|1| |521.78|27-Dec-2022|1|5|A|10|0.0|104.35|0|4|0.0|0.0|0|0|0|0|0|0|0|0|0|0|0|0|0|||||27-Dec-2022|951.0|0|0||Z604|Z604|Y|Z733|Y|G309|Y|N182|Y|E1129|N|I1310|N|E1121|Y|I252|Y|I214|Y|E113592|N|E113299|Y|E1140|Y|R739|Y|E11319|Y|E785|Y|E781|Y|E8881|Y|Z653|Y|E119|Y|R931|Y|I259|Y|E669|Y|R7303|Y|D649|Y|M179|Y|W86|W86|Y| | | | | | | | | | | | | | | | | | | | | | |||||||||||||||||||||||||||||||||||||||||||||||||||0|0||1|450|99221||2022-12-28T00:00:00|hospital_E|hospital_E_20221227
SYN_BENE_082E20A2B75C|SYN_CLM_97E5FF5FC7B1|V|60|27-Dec-2022|27-Dec-2022|30-Dec-2022||3|107522|1|1|1|| |521.78|0.0| ||10|1992753768| |9999623793| |9999623793|||0|1| |521.78|27-Dec-2022|1|5|A|10|0.0|104.35|0|4|0.0|0.0|0|0|0|0|0|0|0|0|0|0|0|0|0|||||27-Dec-2022|951.0|0|0||Z604|Z604|Y|Z733|Y|G309|Y|N182|Y|E1129|N|I1310|N|E1121|Y|I252|Y|I214|Y|E113592|N|E113299|Y|E1140|Y|R739|Y|E11319|Y|E785|Y|E781|Y|E8881|Y|Z653|Y|E119|Y|R931|Y|I259|Y|E669|Y|R7303|Y|D649|Y|M179|Y|W86|W86|Y| | | | | | | | | | | | | | | | | | | | | | |||||||||||||||||||||||||||||||||||||||||||||||||||0|0||1|450|99221||2022-12-28T00:00:00|hospital_E|hospital_E_20221227
SYN_BENE_9F9FDD8DE0C3|SYN_CLM_FCD289163D89|V|60|27-Dec-2022|27-Dec-2022|30-Dec-2022||3|107522|1|1|1|| |521.78|0.0| ||10|1992753768| |9999623793| |9999623793|||0|1| |521.78|27-Dec-2022|1|5|A|10|0.0|104.35|0|4|0.0|0.0|0|0|0|0|0|0|0|0|0|0|0|0|0|||||27-Dec-2022|951.0|0|0||Z604|Z604|Y|Z733|Y|G309|Y|N182|Y|E1129|N|I1310|N|E1121|Y|I252|Y|I214|Y|E113592|N|E113299|Y|E1140|Y|R739|Y|E11319|Y|E785|Y|E781|Y|E8881|Y|Z653|Y|E119|Y|R931|Y|I259|Y|E669|Y|R7303|Y|D649|Y|M179|Y|W86|W86|Y| | | | | | | | | | | | | | | | | | | | | | |||||||||||||||||||||||||||||||||||||||||||||||||||0|0||1|450|99221||2022-12-28T00:00:00|hospital_E|hospital_E_20221227
