timestamp,service_date,hospital_id,batch_id,data_source,is_anomalous,anomaly_domain,claim_volume,beneficiary_volume,provider_volume,duplicate_rate,null_rate,invalid_format_rate,logic_failure_rate,claim_amount_total,claim_amount_mean,claim_amount_median,processing_duration,throughput,failure_rate,pde_count,claim_pde_ratio,median_rx_cost,median_days_supply,backlog
2026-07-02T00:00:00,2026-07-02,HOSP-001,BATCH-20260702-HOSP-001,DEVELOPMENT_SIMULATION,False,,5248,4774,49,0.0033946339367881464,0.01312037280884873,0.0016239780813448105,0.005580836121681995,6444040.870146632,1227.9041292200138,1105.1137162980124,6285.837483790112,0.8348927272672126,0.00011852604486622221,,,,,
2026-07-02T00:00:00,2026-07-02,HOSP-002,BATCH-20260702-HOSP-002,DEVELOPMENT_SIMULATION,False,,4709,3896,47,0.002216968971838151,0.020495128632644757,0.0027277800745684633,0.00791229140198042,5173857.82543452,1098.7168879665576,988.8451991699019,4848.908393240465,0.9711464144310291,0.0004297256589643225,,,,,
2026-07-02T00:00:00,2026-07-02,HOSP-003,BATCH-20260702-HOSP-003,DEVELOPMENT_SIMULATION,False,,5732,4757,48,0.0030569377536544466,0.02184829137724085,0.001185801650879991,0.011075448519014382,6534334.493119291,1139.9746149894088,1025.977153490468,5404.2866050985,1.0606395291086763,0.0007158097238609412,,,,,
2026-07-02T00:00:00,2026-07-02,HOSP-004,BATCH-20260702-HOSP-004,DEVELOPMENT_SIMULATION,False,,4489,3924,49,0.0011375540844608737,0.028186408041575642,0.002035119926400068,0.011625222843539819,5480558.867797635,1220.8863595004755,1098.797723550428,4876.9059652008145,0.9204606428812203,0.00026636900997297435,,,,,
2026-07-02T00:00:00,2026-07-02,HOSP-005,BATCH-20260702-HOSP-005,DEVELOPMENT_SIMULATION,False,,5369,4366,50,0.0017839314496765808,0.010904545778210761,0.0023013213230530577,0.00888677289689482,6858199.753798003,1277.370041683368,1149.6330375150312,5507.549278240856,0.9748437515051868,0.0003528410587186427,,,,,
2026-07-03T00:00:00,2026-07-03,HOSP-001,BATCH-20260703-HOSP-001,DEVELOPMENT_SIMULATION,False,,4434,4080,50,0.0012982025747190833,0.02973773873201034,0.00408897907718663,0.006987156815341724,5777945.188274705,1303.0999522495952,1172.7899570246357,5508.2530987938135,0.8049739037901051,0.0001666401865606813,,,,,
2026-07-03T00:00:00,2026-07-03,HOSP-002,BATCH-20260703-HOSP-002,DEVELOPMENT_SIMULATION,False,,4580,4256,48,0.0034931925073102316,0.016617960497052983,0.0012542334011440945,0.008109823217156621,6036310.085872921,1317.97163447007,1186.174471023063,5242.184493577182,0.8736815740864323,0.0008984914683186939,,,,,
2026-07-03T00:00:00,2026-07-03,HOSP-003,BATCH-20260703-HOSP-003,DEVELOPMENT_SIMULATION,False,,4481,4064,49,0.00404314019446759,0.021225543951389925,0.004083868719818244,0.009937955963643906,4203292.218857385,938.0254895910256,844.222940631923,4212.551493213638,1.0637258695160945,0.000197102284293974,,,,,
2026-07-03T00:00:00,2026-07-03,HOSP-004,BATCH-20260703-HOSP-004,DEVELOPMENT_SIMULATION,False,,5043,4272,48,0.0030342827646588112,0.028151329478521857,0.0019971689165954997,0.009103829230356297,5653577.024837639,1121.074167130208,1008.9667504171872,4764.055002483764,1.058552010287624,0.0003607763076223912,,,,,
2026-07-03T00:00:00,2026-07-03,HOSP-005,BATCH-20260703-HOSP-005,DEVELOPMENT_SIMULATION,False,,5250,4886,55,0.004214688307596458,0.013731401177720717,0.0045702359939599115,0.010393422419156507,5931422.12571439,1129.7946906122647,1016.8152215510382,5145.8976266783,1.0202301679656418,0.0004843970097636307,,,,,
2026-07-04T00:00:00,2026-07-04,HOSP-001,BATCH-20260704-HOSP-001,DEVELOPMENT_SIMULATION,False,,5148,4123,51,0.003042989210310263,0.018348220062975578,0.0018884312418829211,0.006198653673336828,6410771.62089945,1245.2936326533509,1120.764269388016,5267.333386782033,0.9773446300016835,0.0005669115595690295,,,,,
2026-07-04T00:00:00,2026-07-04,HOSP-002,BATCH-20260704-HOSP-002,DEVELOPMENT_SIMULATION,False,,4528,4282,57,0.004849789179768445,0.015035645916507284,0.0029889940235695417,0.008008783098167696,5460872.239061297,1206.0230209941026,1085.4207188946923,4461.962525512509,1.0148000961706656,0.00035078181781295027,,,,,
2026-07-04T00:00:00,2026-07-04,HOSP-003,BATCH-20260704-HOSP-003,DEVELOPMENT_SIMULATION,False,,4903,4028,51,0.002957811041110252,0.029713009082212014,0.001968221086046002,0.011721355474058785,5503452.70724931,1122.4663894043056,1010.219750463875,5927.891988486504,0.8271068382357323,0.0004310048194473279,,,,,
2026-07-04T00:00:00,2026-07-04,HOSP-004,BATCH-20260704-HOSP-004,DEVELOPMENT_SIMULATION,False,,5702,5019,56,0.0013611590802176331,0.026706049911784754,0.002283120259886943,0.006865185103998542,6899221.208372973,1209.965136508764,1088.9686228578878,6556.641231078257,0.8696525856825463,0.00011492904603507054,,,,,
2026-07-04T00:00:00,2026-07-04,HOSP-005,BATCH-20260704-HOSP-005,DEVELOPMENT_SIMULATION,False,,4224,3787,50,0.0016974657160199658,0.023818754762049317,0.0025469413852021497,0.014367299887367343,4904797.117872278,1161.1735601023386,1045.0562040921047,3982.3736241052147,1.0606739594778918,0.0009322242564507065,,,,,
2026-07-05T00:00:00,2026-07-05,HOSP-001,BATCH-20260705-HOSP-001,DEVELOPMENT_SIMULATION,False,,4821,4334,52,0.004268888800804864,0.021104016231989244,0.003118602313424026,0.007418522909004516,5910489.495107166,1225.9882794248424,1103.3894514823583,5088.767336236046,0.9473807076363404,0.0004142886171513948,,,,,
2026-07-05T00:00:00,2026-07-05,HOSP-002,BATCH-20260705-HOSP-002,DEVELOPMENT_SIMULATION,False,,5260,4907,51,0.004119502183430495,0.022840632923085753,0.0013365598599801953,0.006616287140946138,6431027.629756409,1222.6288269498875,1100.3659442548987,4812.090739859053,1.0930799696753153,0.0001913243885794289,,,,,
2026-07-05T00:00:00,2026-07-05,HOSP-003,BATCH-20260705-HOSP-003,DEVELOPMENT_SIMULATION,False,,5087,4597,43,0.0036078450380104023,0.014485386189211195,0.0038487168853901434,0.007372490874968001,6693777.571041066,1315.8595579007404,1184.2736021106664,5809.404791146101,0.8756490867623665,0.0008643010694447602,,,,,
2026-07-05T00:00:00,2026-07-05,HOSP-004,BATCH-20260705-HOSP-004,DEVELOPMENT_SIMULATION,False,,5411,4404,59,0.002470863212237734,0.015304047353634508,0.001975958573516334,0.014730105547524453,6968650.256926093,1287.8673548190895,1159.0806193371807,6170.876991289095,0.8768607780771276,0.0008153301731874836,,,,,
2026-07-05T00:00:00,2026-07-05,HOSP-005,BATCH-20260705-HOSP-005,DEVELOPMENT_SIMULATION,False,,6367,5563,50,0.001780971951192178,0.024449042305230102,0.0021230894497634234,0.005243159664314538,6958562.74648449,1092.9107501938888,983.6196751745,8037.00716415432,0.792210317840367,0.0009585357193023287,,,,,
2026-07-06T00:00:00,2026-07-06,HOSP-001,BATCH-20260706-HOSP-001,DEVELOPMENT_SIMULATION,False,,4888,3921,53,0.004713274250350901,0.018563682966346286,0.004866619276174678,0.014636199770892526,5644436.460829926,1154.753776765533,1039.2783990889798,5241.048058452845,0.9326378894993257,0.0008660230043651713,,,,,
2026-07-06T00:00:00,2026-07-06,HOSP-002,BATCH-20260706-HOSP-002,DEVELOPMENT_SIMULATION,False,,4536,4007,47,0.004744619096643124,0.023920595933499458,0.00328024468035746,0.005971764937707685,5469603.474687105,1205.8208718445999,1085.23878466014,5606.40867192302,0.8090740909981031,0.000766691755978784,,,,,
2026-07-06T00:00:00,2026-07-06,HOSP-003,BATCH-20260706-HOSP-003,DEVELOPMENT_SIMULATION,False,,5541,4731,55,0.0021743673770579734,0.026187223109570272,0.004240453578716723,0.013670723185801037,6662460.61839552,1202.3931814465836,1082.1538633019254,6131.552114425948,0.9036863581349113,0.0008184656610700976,,,,,
2026-07-06T00:00:00,2026-07-06,HOSP-004,BATCH-20260706-HOSP-004,DEVELOPMENT_SIMULATION,False,,5665,5208,54,0.0045600213672702655,0.016759903137030716,0.0025023318105597764,0.00593981939840869,6523041.550154813,1151.4636452170896,1036.3172806953808,6095.232523026787,0.9294149121626715,0.000588380171236819,,,,,
2026-07-06T00:00:00,2026-07-06,HOSP-005,BATCH-20260706-HOSP-005,DEVELOPMENT_SIMULATION,False,,5343,4298,41,0.0011493927549968577,0.026452011213193162,0.0024407625656450516,0.006270605126518848,7245311.109407297,1356.038014113288,1220.4342127019593,5248.507799973361,1.0180036314373238,0.0006606014282371002,,,,,
2026-07-07T00:00:00,2026-07-07,HOSP-001,BATCH-20260707-HOSP-001,DEVELOPMENT_SIMULATION,False,,6194,5547,59,0.0039043653348906464,0.02951704158925069,0.0030652013932047813,0.00822956472941246,7022889.46372246,1133.8213535231612,1020.439218170845,6628.038925419906,0.9345147289712985,0.00017061074320803935,,,,,
2026-07-07T00:00:00,2026-07-07,HOSP-002,BATCH-20260707-HOSP-002,DEVELOPMENT_SIMULATION,False,,5252,4523,54,0.001693177280283383,0.01312874085342172,0.0020009715926583814,0.010492266647061203,6798914.463633991,1294.5381690087568,1165.0843521078812,5416.325816241324,0.969661017114484,0.0009593787525968747,,,,,
2026-07-07T00:00:00,2026-07-07,HOSP-003,BATCH-20260707-HOSP-003,DEVELOPMENT_SIMULATION,False,,5188,4626,58,0.00267840024971116,0.01495461979002315,0.0024238907146050463,0.01257846110464369,6455853.519322263,1244.3819428146228,1119.9437485331605,5711.868935464951,0.9082841463304151,0.00018805074458590133,,,,,
2026-07-07T00:00:00,2026-07-07,HOSP-004,BATCH-20260707-HOSP-004,DEVELOPMENT_SIMULATION,False,,3379,2790,44,0.002735406596951892,0.01797009468794747,0.003463400392208866,0.011350936508676437,4011409.5356842326,1187.1587853460292,1068.4429068114264,4002.5457849539075,0.8442127040000648,0.000552822632722079,,,,,
2026-07-07T00:00:00,2026-07-07,HOSP-005,BATCH-20260707-HOSP-005,DEVELOPMENT_SIMULATION,False,,5202,4288,54,0.0012822749896017195,0.02284838556412631,0.0011060452421664873,0.010857755812734633,6301451.722999699,1211.3517345251248,1090.2165610726124,5535.517049902636,0.9397496120243181,0.0006789593965981179,,,,,
2026-07-08T00:00:00,2026-07-08,HOSP-001,BATCH-20260708-HOSP-001,DEVELOPMENT_SIMULATION,False,,6066,5709,40,0.002544410551203097,0.02922381127647828,0.004621402567824255,0.006957911347892964,6984129.884112638,1151.356723394764,1036.2210510552877,6147.5222954733545,0.9867389996237375,0.0008603877798725091,,,,,
2026-07-08T00:00:00,2026-07-08,HOSP-002,BATCH-20260708-HOSP-002,DEVELOPMENT_SIMULATION,False,,4688,4240,48,0.003515771387119536,0.027549440270541056,0.003940284175215543,0.013034809303848486,5236967.138879733,1117.1004989077928,1005.3904490170136,5601.934678257241,0.8368537423678839,0.0008261512653405376,,,,,
2026-07-08T00:00:00,2026-07-08,HOSP-003,BATCH-20260708-HOSP-003,DEVELOPMENT_SIMULATION,False,,4989,4269,50,0.004105651842967987,0.016816070805060354,0.004723029302414259,0.013584127518430116,6761521.74216624,1355.2859775839327,1219.7573798255394,5953.0139719759645,0.8380628742828261,0.00019281148195233935,,,,,
2026-07-08T00:00:00,2026-07-08,HOSP-004,BATCH-20260708-HOSP-004,DEVELOPMENT_SIMULATION,False,,5006,4625,54,0.002280198404122447,0.027910464569924007,0.0025568067149366524,0.005108376514802984,6169477.676055714,1232.4166352488442,1109.1749717239597,6395.281445590994,0.7827646120955652,0.0006160940993109575,,,,,
2026-07-08T00:00:00,2026-07-08,HOSP-005,BATCH-20260708-HOSP-005,DEVELOPMENT_SIMULATION,False,,4590,3873,60,0.0023146581814796636,0.023450369121540766,0.00400949811775072,0.012915790437258483,5187091.72065581,1130.0853421908082,1017.0768079717274,5180.053323321798,0.8860912646081766,0.0004973774512360393,,,,,
2026-07-09T00:00:00,2026-07-09,HOSP-001,BATCH-20260709-HOSP-001,DEVELOPMENT_SIMULATION,False,,4845,3961,54,0.0015719667282113434,0.025230212634349443,0.0034728722532650445,0.0060112267612279025,5932686.303702177,1224.4966571108723,1102.0469913997852,4466.320388796694,1.0847855904276784,0.0008396740533613206,,,,,
2026-07-09T00:00:00,2026-07-09,HOSP-002,BATCH-20260709-HOSP-002,DEVELOPMENT_SIMULATION,False,,4764,3871,51,0.004946558314004702,0.017485415915122406,0.0024825685882675637,0.013127995672575023,5400362.046009772,1133.5772556695576,1020.2195301026019,4606.3301023658005,1.0342289619133507,0.0007994322243346932,,,,,
2026-07-09T00:00:00,2026-07-09,HOSP-003,BATCH-20260709-HOSP-003,DEVELOPMENT_SIMULATION,False,,3981,3726,57,0.0014447899292246054,0.01985250208581718,0.0010454145790696763,0.009686606419941263,4905674.258870593,1232.271856033809,1109.0446704304281,4790.078771387029,0.8310928045233901,0.0006250318885874437,,,,,
2026-07-09T00:00:00,2026-07-09,HOSP-004,BATCH-20260709-HOSP-004,DEVELOPMENT_SIMULATION,False,,4945,4167,52,0.004474396512757842,0.014471916770389052,0.004852890157762446,0.0051215447468981636,5968443.242604585,1206.9652664518878,1086.2687398066992,6518.434797359822,0.7586176979177403,0.00016641690826185897,,,,,
2026-07-09T00:00:00,2026-07-09,HOSP-005,BATCH-20260709-HOSP-005,DEVELOPMENT_SIMULATION,False,,5236,4599,50,0.00351759455254105,0.02391497377969234,0.002818164259071093,0.011275580800840634,6739947.085386948,1287.2320636720679,1158.508857304861,4802.317099560984,1.0903070104384947,0.0003528668706330073,,,,,
2026-07-10T00:00:00,2026-07-10,HOSP-001,BATCH-20260710-HOSP-001,DEVELOPMENT_SIMULATION,False,,6094,5128,45,0.0017524846388950453,0.019273968098799645,0.0024134089121042113,0.01083656111850872,6147196.648501066,1008.7293482935781,907.8564134642204,7395.1543859181875,0.8240531139693529,0.0007162580552984914,,,,,
2026-07-10T00:00:00,2026-07-10,HOSP-002,BATCH-20260710-HOSP-002,DEVELOPMENT_SIMULATION,False,,5370,4632,57,0.004730913933416053,0.027321277790008168,0.0011808746804247577,0.00526366974497252,7077359.344827332,1317.9440120721288,1186.149610864916,6869.751560558029,0.7816876567751447,0.00023537520199317535,,,,,
2026-07-10T00:00:00,2026-07-10,HOSP-003,BATCH-20260710-HOSP-003,DEVELOPMENT_SIMULATION,False,,4143,3917,56,0.004368475692542835,0.026766574094222756,0.002874772639179881,0.009148195023376651,4926595.144467987,1189.1371335911144,1070.223420232003,5241.8694261001065,0.7903668831145125,0.0008316109082170698,,,,,
2026-07-10T00:00:00,2026-07-10,HOSP-004,BATCH-20260710-HOSP-004,DEVELOPMENT_SIMULATION,False,,5758,5422,51,0.004398589562709646,0.014946962034863953,0.002802176541240374,0.006291594151514949,6978866.224739712,1212.02956317119,1090.8266068540709,5684.45399304145,1.0129380952064315,0.0007045306159652711,,,,,
2026-07-10T00:00:00,2026-07-10,HOSP-005,BATCH-20260710-HOSP-005,DEVELOPMENT_SIMULATION,False,,4232,3457,56,0.0036862927823711985,0.020406154018075863,0.004089273566942557,0.010201635011119932,5150332.532510373,1216.997290290731,1095.2975612616578,4950.480316857947,0.8548665440782998,0.0008889882423925105,,,,,
2026-07-11T00:00:00,2026-07-11,HOSP-001,BATCH-20260711-HOSP-001,DEVELOPMENT_SIMULATION,False,,4489,3610,48,0.0040205490226944765,0.02240619102706929,0.0038163190723968943,0.007129641615089107,5861926.75214678,1305.8424486849588,1175.2582038164628,4619.639458738768,0.9717208539961614,0.0004937274298213561,,,,,
2026-07-11T00:00:00,2026-07-11,HOSP-002,BATCH-20260711-HOSP-002,DEVELOPMENT_SIMULATION,False,,4865,4267,53,0.004134612050964572,0.017930855646425402,0.003488346800911494,0.013623637087467451,5830839.567174103,1198.5281741365063,1078.6753567228557,4974.184122599406,0.9780498429675442,0.0005132221806144352,,,,,
2026-07-11T00:00:00,2026-07-11,HOSP-003,BATCH-20260711-HOSP-003,DEVELOPMENT_SIMULATION,False,,4996,4243,52,0.003533603417266903,0.014802912375563861,0.0013034533124346558,0.006288797219106492,6178352.483749986,1236.6598246096848,1112.9938421487163,4766.281182030515,1.048196656721713,0.0004111005549914769,,,,,
2026-07-11T00:00:00,2026-07-11,HOSP-004,BATCH-20260711-HOSP-004,DEVELOPMENT_SIMULATION,False,,4968,4471,54,0.0016892794848065193,0.013845780376173416,0.0011634744650659155,0.006689350630721645,5556460.060390279,1118.4500926711512,1006.6050834040361,4594.767125758635,1.0812299870757303,0.00020857228399054074,,,,,
2026-07-11T00:00:00,2026-07-11,HOSP-005,BATCH-20260711-HOSP-005,DEVELOPMENT_SIMULATION,False,,4282,3659,49,0.0030136690834194277,0.023807896572587306,0.0011572485593643958,0.012994103989090424,4838777.537477575,1130.0274492007416,1017.0247042806674,5443.263458443511,0.7866604349928762,0.0009287851604786319,,,,,
2026-07-12T00:00:00,2026-07-12,HOSP-001,BATCH-20260712-HOSP-001,DEVELOPMENT_SIMULATION,False,,4943,4552,48,0.003993038761534633,0.013690420387127547,0.0018373972933468413,0.00870472102791382,7105138.263762915,1437.4141743400596,1293.6727569060538,5152.743621695635,0.9592947685554335,0.0005162812445198331,,,,,
2026-07-12T00:00:00,2026-07-12,HOSP-002,BATCH-20260712-HOSP-002,DEVELOPMENT_SIMULATION,False,,5425,5068,45,0.0030467097684626645,0.02064226970530631,0.0014286880453591043,0.009474123668234545,5638502.871260267,1039.3553679742427,935.4198311768184,5444.604174746879,0.9963993388467417,0.00043955574679416037,,,,,
2026-07-12T00:00:00,2026-07-12,HOSP-003,BATCH-20260712-HOSP-003,DEVELOPMENT_SIMULATION,False,,4676,3824,44,0.00456210912295958,0.021871849071080973,0.0037164092765779584,0.012891712386073381,5202529.701728769,1112.6025880514903,1001.3423292463414,5245.074483784677,0.8915030691091252,0.0006281570062187913,,,,,
2026-07-12T00:00:00,2026-07-12,HOSP-004,BATCH-20260712-HOSP-004,DEVELOPMENT_SIMULATION,False,,4779,3914,57,0.0021351036231948978,0.0172616459279727,0.003583668965326405,0.010707783046689118,5066424.556471832,1060.1432426180859,954.1289183562773,4574.064298330221,1.0448038523954706,0.0002375732252658988,,,,,
2026-07-12T00:00:00,2026-07-12,HOSP-005,BATCH-20260712-HOSP-005,DEVELOPMENT_SIMULATION,False,,4674,3870,47,0.0021403806747753882,0.013467471905895097,0.004587061698505701,0.005802337456616422,4439010.199575081,949.7240478337785,854.7516430504007,6144.319282327848,0.7607026564266042,0.00020083501195124713,,,,,
2026-07-13T00:00:00,2026-07-13,HOSP-001,BATCH-20260713-HOSP-001,DEVELOPMENT_SIMULATION,False,,5195,4830,49,0.00426828828379712,0.015158056540898796,0.0016835503495602634,0.011686432199244309,6285603.132670483,1209.9332305429225,1088.9399074886303,5918.949881055631,0.877689472692998,0.00035198118429425576,,,,,
2026-07-13T00:00:00,2026-07-13,HOSP-002,BATCH-20260713-HOSP-002,DEVELOPMENT_SIMULATION,False,,4668,3961,52,0.002701745754465667,0.0201522075736891,0.001969638929660321,0.006148368247392035,4890061.179116247,1047.5709466830008,942.8138520147007,5399.461638498165,0.8645306351872486,0.00023892644374678209,,,,,
2026-07-13T00:00:00,2026-07-13,HOSP-003,BATCH-20260713-HOSP-003,DEVELOPMENT_SIMULATION,False,,6391,5162,41,0.0023464171127756824,0.012688293538779484,0.001253499881891071,0.01489960232389945,8312321.734368948,1300.629280921444,1170.5663528292996,6206.074182885771,1.0297975518282059,0.0007133524500015364,,,,,
2026-07-13T00:00:00,2026-07-13,HOSP-004,BATCH-20260713-HOSP-004,DEVELOPMENT_SIMULATION,False,,5264,4583,57,0.002647363656589074,0.016977365330859903,0.004718116576991303,0.013306194077877292,6406145.4953030925,1216.9729284390373,1095.2756355951337,5101.7437360329795,1.0318040796171366,0.00015984664063009975,,,,,
2026-07-13T00:00:00,2026-07-13,HOSP-005,BATCH-20260713-HOSP-005,DEVELOPMENT_SIMULATION,False,,5244,4857,57,0.0015590895065051582,0.0259053462371978,0.001806509280190978,0.006636559428657045,6499650.703463179,1239.4452142378298,1115.5006928140467,6048.419242050323,0.8670033921495103,0.0005707588822922074,,,,,
2026-07-14T00:00:00,2026-07-14,HOSP-001,BATCH-20260714-HOSP-001,DEVELOPMENT_SIMULATION,False,,5435,4667,48,0.004266397757886308,0.018782698171404367,0.0025077777176996303,0.009626797856696064,7093540.817605051,1305.1593040671667,1174.64337366045,5856.559631836503,0.9280192368323397,0.0003089914256321356,,,,,
2026-07-14T00:00:00,2026-07-14,HOSP-002,BATCH-20260714-HOSP-002,DEVELOPMENT_SIMULATION,False,,4880,4301,54,0.004625888443858188,0.02248475991827984,0.0014675921628334563,0.01439832123613475,5134449.9120594375,1052.141375422016,946.9272378798144,4790.234490159625,1.0187392725814939,0.0008146226703432664,,,,,
2026-07-14T00:00:00,2026-07-14,HOSP-003,BATCH-20260714-HOSP-003,DEVELOPMENT_SIMULATION,False,,5316,4965,61,0.004154388844898123,0.013033497594655023,0.002246888271182193,0.007484891398144657,7181794.4297035355,1350.9771312459623,1215.8794181213661,6657.357898014876,0.7985149786802286,0.0004078735738443167,,,,,
2026-07-14T00:00:00,2026-07-14,HOSP-004,BATCH-20260714-HOSP-004,DEVELOPMENT_SIMULATION,False,,5643,4641,47,0.001917005580930566,0.024445051367861324,0.0038801461461842974,0.011411476328852973,7004901.315889135,1241.3434903223701,1117.2091412901332,5770.440417020581,0.9779149583375507,0.00041112639415352746,,,,,
2026-07-14T00:00:00,2026-07-14,HOSP-005,BATCH-20260714-HOSP-005,DEVELOPMENT_SIMULATION,False,,4110,3572,57,0.0047891333584472616,0.013067028062321604,0.003344919328067189,0.01005888678884466,4848630.2037155675,1179.7153780329847,1061.7438402296864,5226.463249799211,0.7863826460767512,0.0009389064542352512,,,,,
2026-07-15T00:00:00,2026-07-15,HOSP-001,BATCH-20260715-HOSP-001,DEVELOPMENT_SIMULATION,False,,5891,5527,52,0.0038289545372535943,0.013050780858285227,0.0033051534406672526,0.011067150463828558,8007746.241753269,1359.3186626639397,1223.3867963975458,7363.420865958588,0.8000357588188863,0.0009330116616160987,,,,,
2026-07-15T00:00:00,2026-07-15,HOSP-002,BATCH-20260715-HOSP-002,DEVELOPMENT_SIMULATION,False,,4505,4269,49,0.004355592345783737,0.012493253624065337,0.004683367530469489,0.013698963620621282,6549680.341332737,1453.8691101737486,1308.4821991563738,4875.398139084755,0.9240270992197801,0.00014928547493982822,,,,,
2026-07-15T00:00:00,2026-07-15,HOSP-003,BATCH-20260715-HOSP-003,DEVELOPMENT_SIMULATION,False,,5535,4431,47,0.0023339966867645767,0.017963373871818865,0.0031495824117516915,0.014198556164127605,5928006.641993326,1071.0039100258946,963.9035190233052,6431.319886108621,0.860632047234249,0.0005069961468008265,,,,,
2026-07-15T00:00:00,2026-07-15,HOSP-004,BATCH-20260715-HOSP-004,DEVELOPMENT_SIMULATION,False,,4870,3998,42,0.0017055479460248934,0.019967355454789594,0.0026757017980181914,0.014148459010681,6370183.956205605,1308.045986900535,1177.2413882104815,5443.160308837635,0.8947008215232906,0.00011178501092950028,,,,,
2026-07-15T00:00:00,2026-07-15,HOSP-005,BATCH-20260715-HOSP-005,DEVELOPMENT_SIMULATION,False,,4491,4240,52,0.0015946509110124519,0.018292482474540475,0.0013413986723145755,0.014968742518459473,6544895.887639512,1457.335980324986,1311.6023822924874,4219.21802738202,1.0644152472932566,0.00077496442335926,,,,,
2026-07-16T00:00:00,2026-07-16,HOSP-001,BATCH-20260716-HOSP-001,DEVELOPMENT_SIMULATION,False,,5099,4236,49,0.0017627508826546664,0.010730993356961897,0.0028882677804399973,0.010648411332626163,6826838.098983644,1338.858226904029,1204.972404213626,5212.244562950273,0.9782733596663443,0.0004606867547877934,,,,,
2026-07-16T00:00:00,2026-07-16,HOSP-002,BATCH-20260716-HOSP-002,DEVELOPMENT_SIMULATION,False,,4411,3649,51,0.004447142484054069,0.028922309242672653,0.0024932372651190115,0.007707446731435537,4803324.994565023,1088.9424154534172,980.0481739080755,4248.818730269475,1.0381709082044643,0.0002405373376295713,,,,,
2026-07-16T00:00:00,2026-07-16,HOSP-003,BATCH-20260716-HOSP-003,DEVELOPMENT_SIMULATION,False,,5467,4395,56,0.0018878886477317978,0.014621495931761427,0.0036875709743949135,0.005197105377543642,6614384.316634331,1209.8745777637334,1088.8871199873602,5251.006952381696,1.041133643428207,0.0006874714970666872,,,,,
2026-07-16T00:00:00,2026-07-16,HOSP-004,BATCH-20260716-HOSP-004,DEVELOPMENT_SIMULATION,False,,4824,4035,48,0.003889067727422637,0.027113929362125713,0.004320879458267967,0.008971835296184547,5267295.05076581,1091.8936672400102,982.7043005160092,4986.451421006078,0.9674214371523344,0.0009067022366690079,,,,,
2026-07-16T00:00:00,2026-07-16,HOSP-005,BATCH-20260716-HOSP-005,DEVELOPMENT_SIMULATION,False,,5163,4456,43,0.0045706868443079,0.02634887123476882,0.002367269406791504,0.007594234334312925,6874930.248226078,1331.5766508282159,1198.4189857453944,5008.694326333583,1.030807564529371,0.0006617340170642207,,,,,
2026-07-17T00:00:00,2026-07-17,HOSP-001,BATCH-20260717-HOSP-001,DEVELOPMENT_SIMULATION,False,,5623,4866,39,0.0021778630381676708,0.028969066139243133,0.004054423176639043,0.006401131757664526,6726438.006826508,1196.2365297575152,1076.6128767817638,7120.757056931843,0.7896632275252501,0.0008198697303525837,,,,,
2026-07-17T00:00:00,2026-07-17,HOSP-002,BATCH-20260717-HOSP-002,DEVELOPMENT_SIMULATION,False,,4818,4048,49,0.0031665368586434677,0.022669564396522943,0.002031550741732809,0.006393560740728241,5160826.052432921,1071.1552620242676,964.0397358218408,4889.272421893533,0.9854226936559346,0.00011655160889272006,,,,,
2026-07-17T00:00:00,2026-07-17,HOSP-003,BATCH-20260717-HOSP-003,DEVELOPMENT_SIMULATION,False,,4185,3695,52,0.003605681553407457,0.026594836074144028,0.0018256850870424128,0.005109958286584805,5129148.443810357,1225.6029734313875,1103.0426760882488,4951.534322760486,0.8451925660220119,0.00069853300709163,,,,,
2026-07-17T00:00:00,2026-07-17,HOSP-004,BATCH-20260717-HOSP-004,DEVELOPMENT_SIMULATION,False,,4079,3580,43,0.0011878638671002201,0.013325667375121588,0.003952134465705482,0.005827986679251265,4309722.529895907,1056.5635032841155,950.907152955704,4456.476924857488,0.9152970090000951,0.0003598243630936299,,,,,
2026-07-17T00:00:00,2026-07-17,HOSP-005,BATCH-20260717-HOSP-005,DEVELOPMENT_SIMULATION,False,,5670,4788,45,0.0032656185611875887,0.01952100804398199,0.0036546846614505927,0.014368297393247579,6317311.138637252,1114.1642219818787,1002.7477997836908,5176.754338259892,1.0952808708913753,0.00033603763986984257,,,,,
2026-07-18T00:00:00,2026-07-18,HOSP-001,BATCH-20260718-HOSP-001,DEVELOPMENT_SIMULATION,False,,4712,4120,50,0.003387371395667557,0.016684877816339216,0.004083648814983288,0.006065982531337718,5739143.161304662,1217.984541872806,1096.1860876855253,5170.016805547832,0.9114090296464136,0.0007195621567849625,,,,,
2026-07-18T00:00:00,2026-07-18,HOSP-002,BATCH-20260718-HOSP-002,DEVELOPMENT_SIMULATION,False,,4221,3895,47,0.004197663515875917,0.02389392941708853,0.002088580548919851,0.01090230666869087,4758275.398084323,1127.2862824175131,1014.5576541757619,5400.8403772553,0.7815450383936557,0.00022313676782706525,,,,,
2026-07-18T00:00:00,2026-07-18,HOSP-003,BATCH-20260718-HOSP-003,DEVELOPMENT_SIMULATION,False,,4962,4107,53,0.0031676037895134327,0.027458916717528162,0.003928899545638244,0.013065611478614497,6592646.485971362,1328.62686134046,1195.764175206414,6261.304514318217,0.7924866117999859,0.00032470120797326734,,,,,
2026-07-18T00:00:00,2026-07-18,HOSP-004,BATCH-20260718-HOSP-004,DEVELOPMENT_SIMULATION,False,,4236,4016,49,0.004776237358746454,0.010788536227370117,0.0038223006900627537,0.014252483174156658,5198240.7954359595,1227.1578837195373,1104.4420953475835,5312.328513851147,0.7973904454431286,0.00013055138072721897,,,,,
2026-07-18T00:00:00,2026-07-18,HOSP-005,BATCH-20260718-HOSP-005,DEVELOPMENT_SIMULATION,False,,4459,4185,55,0.004884232980661471,0.028885329782268675,0.0028968568666298553,0.013620426509893133,5143255.763666032,1153.4549817595946,1038.1094835836352,5634.305380952053,0.7914019028990834,0.00013330687124394336,,,,,
2026-07-19T00:00:00,2026-07-19,HOSP-001,BATCH-20260719-HOSP-001,DEVELOPMENT_SIMULATION,False,,4297,3515,52,0.0013078128065168366,0.023925775517562795,0.002359499855072265,0.012247667715287614,5076101.254503865,1181.3128355838642,1063.1815520254777,4820.904527507312,0.8913265084346731,0.0008116508483550672,,,,,
2026-07-19T00:00:00,2026-07-19,HOSP-002,BATCH-20260719-HOSP-002,DEVELOPMENT_SIMULATION,False,,5515,5144,42,0.0034634527527292185,0.014659189495072675,0.001097603126226152,0.013700988739009299,7011439.873998303,1271.3399590205445,1144.20596311849,6678.81753942908,0.8257449716872238,0.0009981406994800037,,,,,
2026-07-19T00:00:00,2026-07-19,HOSP-003,BATCH-20260719-HOSP-003,DEVELOPMENT_SIMULATION,False,,5611,4827,46,0.0029195024812156355,0.0225501092643674,0.004494708456745355,0.01484083469199295,6483228.535242027,1155.4497478599228,1039.9047730739305,6079.832103622426,0.9228873272103861,0.0007638240714300024,,,,,
2026-07-19T00:00:00,2026-07-19,HOSP-004,BATCH-20260719-HOSP-004,DEVELOPMENT_SIMULATION,False,,4789,4085,48,0.002148955966616327,0.0159261624091198,0.0019344310041996397,0.005420931896363619,4820761.461599589,1006.632169889244,905.9689529003196,5512.392751562206,0.8687697368157961,0.0002964284990785577,,,,,
2026-07-19T00:00:00,2026-07-19,HOSP-005,BATCH-20260719-HOSP-005,DEVELOPMENT_SIMULATION,False,,4917,4581,45,0.004778928089165642,0.01934803022499739,0.003453645556842831,0.006670339460920752,5982244.55077836,1216.6452208213057,1094.980698739175,5678.141854568555,0.8659523002307259,0.0005614196599148577,,,,,
2026-07-20T00:00:00,2026-07-20,HOSP-001,BATCH-20260720-HOSP-001,DEVELOPMENT_SIMULATION,False,,4681,3899,47,0.0017457530485770181,0.025591689471335062,0.0024005010366669206,0.005578426765633963,5442411.802472928,1162.660073162343,1046.3940658461088,5547.168701207128,0.8438539103707735,0.000726418556248413,,,,,
2026-07-20T00:00:00,2026-07-20,HOSP-002,BATCH-20260720-HOSP-002,DEVELOPMENT_SIMULATION,False,,5171,4310,48,0.0018952704592904925,0.02073948845786827,0.0033717597393668128,0.010800862078378111,5888326.968150524,1138.7211309515615,1024.8490178564055,6436.316372407393,0.8034098544577722,0.000960086348406778,,,,,
2026-07-20T00:00:00,2026-07-20,HOSP-003,BATCH-20260720-HOSP-003,DEVELOPMENT_SIMULATION,False,,5142,4618,51,0.003203429482436557,0.011739735198228202,0.002633812852282795,0.00872688517012314,6625004.65015873,1288.410083655918,1159.5690752903263,5538.4488327694835,0.9284187965367118,0.00017294159431688314,,,,,
2026-07-20T00:00:00,2026-07-20,HOSP-004,BATCH-20260720-HOSP-004,DEVELOPMENT_SIMULATION,False,,5347,4338,44,0.004404827656195075,0.019902930540279487,0.0029223463093065918,0.010924077846595175,6154696.730085507,1151.0560557481779,1035.9504501733602,6332.157034800232,0.8444199931577799,0.000609158767596212,,,,,
2026-07-20T00:00:00,2026-07-20,HOSP-005,BATCH-20260720-HOSP-005,DEVELOPMENT_SIMULATION,False,,5291,4865,48,0.003633807338633702,0.02701163458188484,0.00446917680383921,0.012083629767150347,6615028.640090156,1250.2416632187028,1125.2174968968325,6257.99452252524,0.8454785284575422,0.0006567502403936659,,,,,
2026-07-21T00:00:00,2026-07-21,HOSP-001,BATCH-20260721-HOSP-001,DEVELOPMENT_SIMULATION,False,,4675,4357,52,0.004487374110980928,0.010584945660691182,0.004303267002259051,0.006288698674734452,6174042.941842657,1320.6508966508356,1188.585806985752,4458.927438511613,1.04845841617026,0.000836170321707156,,,,,
2026-07-21T00:00:00,2026-07-21,HOSP-002,BATCH-20260721-HOSP-002,DEVELOPMENT_SIMULATION,False,,5014,4016,56,0.0021481525326996513,0.022338538367514843,0.004924744712109694,0.011318135270166684,6394506.760515532,1275.3304269077648,1147.7973842169883,5459.169836363837,0.9184546644072995,0.0008018608556360293,,,,,
2026-07-21T00:00:00,2026-07-21,HOSP-003,BATCH-20260721-HOSP-003,DEVELOPMENT_SIMULATION,False,,5133,4523,47,0.004851968015435979,0.01683744332077372,0.0035304875725357928,0.014320281055100172,5930445.625651213,1155.3566385449471,1039.8209746904524,5243.747394945034,0.9788801048937265,0.0007373548797807534,,,,,
2026-07-21T00:00:00,2026-07-21,HOSP-004,BATCH-20260721-HOSP-004,DEVELOPMENT_SIMULATION,False,,5066,4315,46,0.0034836620710699084,0.010914840676250257,0.004486147224609506,0.014734889691773969,6265174.008354835,1236.7102266788067,1113.0392040109261,4550.042388780819,1.1133962207673918,0.00011991119637609754,,,,,
2026-07-21T00:00:00,2026-07-21,HOSP-005,BATCH-20260721-HOSP-005,DEVELOPMENT_SIMULATION,False,,4934,4517,39,0.003733181506426021,0.018918054127534965,0.0020945066651266633,0.014971245001577111,5206349.941534624,1055.1986099583755,949.678748962538,4550.24737784187,1.0843366503603458,0.0008153285938749365,,,,,
2026-07-22T00:00:00,2026-07-22,HOSP-001,BATCH-20260722-HOSP-001,DEVELOPMENT_SIMULATION,False,,4489,3646,53,0.0037219972082988525,0.023090224285622702,0.002093038107992837,0.014508635622504103,5286958.903751296,1177.7587221544434,1059.9828499389992,5670.860883379597,0.79159057016485,0.0004777545852335101,,,,,
2026-07-22T00:00:00,2026-07-22,HOSP-002,BATCH-20260722-HOSP-002,DEVELOPMENT_SIMULATION,False,,4386,3689,58,0.004935910591839313,0.01818668012630086,0.004576396814716537,0.007299546058910861,4714274.808550071,1074.8460575809556,967.3614518228601,5669.606573925985,0.7735986514780097,0.0005258889160224014,,,,,
2026-07-22T00:00:00,2026-07-22,HOSP-003,BATCH-20260722-HOSP-003,DEVELOPMENT_SIMULATION,False,,5171,4734,52,0.00437913291246755,0.025220479818859977,0.0035048812865256618,0.006312448776823876,6851162.233967804,1324.9201767487534,1192.428159073878,5681.921288570508,0.9100794849801502,0.00020557737006615505,,,,,
2026-07-22T00:00:00,2026-07-22,HOSP-004,BATCH-20260722-HOSP-004,DEVELOPMENT_SIMULATION,False,,5187,4484,46,0.001802098906801347,0.019831890934828737,0.0012568357483005363,0.010819714019143986,6660441.808860451,1284.0643548988724,1155.6579194089852,5228.276594444392,0.9921051241840854,0.000509698134173621,,,,,
2026-07-22T00:00:00,2026-07-22,HOSP-005,BATCH-20260722-HOSP-005,DEVELOPMENT_SIMULATION,False,,4773,4247,37,0.0021666503148372127,0.02389963772253085,0.004440489588756818,0.012798509888933496,5716060.328831063,1197.582302290187,1077.8240720611684,4461.632224672022,1.0697878622998485,0.00031784051427627473,,,,,
2026-07-23T00:00:00,2026-07-23,HOSP-001,BATCH-20260723-HOSP-001,DEVELOPMENT_SIMULATION,False,,6201,5614,49,0.0032385947339476566,0.010195416948383672,0.0023058452329759675,0.010177116433847114,7287925.305098978,1175.2822617479403,1057.7540355731462,5474.958566246326,1.1326113111119769,0.00017072064743951868,,,,,
2026-07-23T00:00:00,2026-07-23,HOSP-002,BATCH-20260723-HOSP-002,DEVELOPMENT_SIMULATION,False,,4499,3982,48,0.003757859876549063,0.026011733982181658,0.0018006009769792404,0.0066748258225906975,5522752.202000479,1227.5510562348254,1104.795950611343,5290.719185825209,0.8503569821005871,0.00012842753034307785,,,,,
2026-07-23T00:00:00,2026-07-23,HOSP-003,BATCH-20260723-HOSP-003,DEVELOPMENT_SIMULATION,False,,5905,5495,51,0.0038563477285297114,0.02603456166139583,0.0023578007701712243,0.013148251137465122,7863921.19575707,1331.7394065634326,1198.5654659070894,6312.135748501465,0.9354995258778899,0.0006792199256768725,,,,,
2026-07-23T00:00:00,2026-07-23,HOSP-004,BATCH-20260723-HOSP-004,DEVELOPMENT_SIMULATION,False,,5867,4765,50,0.0012414083359622552,0.014942064680202928,0.0016381787204527536,0.013717835665922017,6435174.2159612775,1096.8423753129841,987.1581377816857,6993.934632807348,0.8388697218413952,0.0006928369979507886,,,,,
2026-07-23T00:00:00,2026-07-23,HOSP-005,BATCH-20260723-HOSP-005,DEVELOPMENT_SIMULATION,False,,6482,5884,49,0.001913818965325195,0.02992667832113484,0.004899172648587132,0.011503256863469369,8176082.349923857,1261.3517972730417,1135.2166175457376,5770.516778281367,1.1232962746762056,0.00012758725198522546,,,,,
2026-07-24T00:00:00,2026-07-24,HOSP-001,BATCH-20260724-HOSP-001,DEVELOPMENT_SIMULATION,False,,4871,4531,41,0.0039086762790652325,0.02485413042399962,0.0027019733377923014,0.00845934992546963,5084443.877814266,1043.819313860453,939.4373824744076,6010.065735805865,0.8104736643694742,0.0005380020472822326,,,,,
2026-07-24T00:00:00,2026-07-24,HOSP-002,BATCH-20260724-HOSP-002,DEVELOPMENT_SIMULATION,False,,4183,3718,47,0.004649453382466764,0.014213243780113332,0.003491866334253931,0.011315602200925205,4757927.121958564,1137.443729849047,1023.6993568641424,5083.698684249812,0.8228261074873824,0.000918129268599077,,,,,
2026-07-24T00:00:00,2026-07-24,HOSP-003,BATCH-20260724-HOSP-003,DEVELOPMENT_SIMULATION,False,,4724,4467,46,0.001723907810837959,0.02708770186739158,0.0029691114257921394,0.00747231074403177,5594760.559879679,1184.3269601777474,1065.8942641599726,5358.2390229730545,0.8816329356988739,0.0004233100324597891,,,,,
2026-07-24T00:00:00,2026-07-24,HOSP-004,BATCH-20260724-HOSP-004,DEVELOPMENT_SIMULATION,False,,4422,3797,51,0.0048776492893411495,0.01516266865402255,0.003626946658165169,0.008251900642246948,5099582.528779882,1153.229879868811,1037.9068918819298,5787.669852708001,0.7640380520203627,0.0005084105872452753,,,,,
2026-07-24T00:00:00,2026-07-24,HOSP-005,BATCH-20260724-HOSP-005,DEVELOPMENT_SIMULATION,False,,5038,4285,43,0.004315533463530438,0.01861775047323612,0.0019948570903505197,0.011171449866040298,5623220.38197481,1116.1612508882115,1004.5451257993903,4920.252686717639,1.0239311516663,0.00013300428424018867,,,,,
2026-07-25T00:00:00,2026-07-25,HOSP-001,BATCH-20260725-HOSP-001,DEVELOPMENT_SIMULATION,False,,5423,4724,56,0.004376681795876788,0.02611340305900106,0.003341417457587009,0.013682712805132585,6367121.444321432,1174.0957854179296,1056.6862068761368,5403.905872394156,1.0035333938186055,0.00015137817048038336,,,,,
2026-07-25T00:00:00,2026-07-25,HOSP-002,BATCH-20260725-HOSP-002,DEVELOPMENT_SIMULATION,False,,5363,4322,50,0.0014884396560401073,0.019043980565668705,0.00473550007011162,0.008161561049767504,6119846.115532296,1141.1236463793205,1027.0112817413885,5109.555009956965,1.049602164875248,0.0009879671106629623,,,,,
2026-07-25T00:00:00,2026-07-25,HOSP-003,BATCH-20260725-HOSP-003,DEVELOPMENT_SIMULATION,False,,5069,4715,52,0.0028189594225354365,0.020311920571585006,0.002955386321027681,0.011668642575461043,6644537.869804247,1310.8182816737517,1179.7364535063766,4860.487466811937,1.0428995105144936,0.0007060891899924256,,,,,
2026-07-25T00:00:00,2026-07-25,HOSP-004,BATCH-20260725-HOSP-004,DEVELOPMENT_SIMULATION,False,,4688,4360,59,0.0017085991577895437,0.02385251904452329,0.0043524611585924414,0.01444614219474023,5611119.876444044,1196.911236442842,1077.220112798558,5609.327871543526,0.8357507543430505,0.0008820144860308464,,,,,
2026-07-25T00:00:00,2026-07-25,HOSP-005,BATCH-20260725-HOSP-005,DEVELOPMENT_SIMULATION,False,,4775,4486,50,0.0037581070041262446,0.02353026771554493,0.0018627006095908688,0.011588854702326571,6509963.556673774,1363.3431532301097,1227.0088379070987,4408.958148586394,1.0830223012053237,0.0006920607741427324,,,,,
2026-07-26T00:00:00,2026-07-26,HOSP-001,BATCH-20260726-HOSP-001,DEVELOPMENT_SIMULATION,False,,4967,4622,51,0.004129541936233094,0.021340325219733357,0.003953796837005306,0.013785155613013477,5123567.094392676,1031.5214605179538,928.3693144661584,5706.602313163708,0.8703953293788093,0.0008270613477471328,,,,,
2026-07-26T00:00:00,2026-07-26,HOSP-002,BATCH-20260726-HOSP-002,DEVELOPMENT_SIMULATION,False,,5360,4638,53,0.004271336864700086,0.01240418110741217,0.0031779563918433985,0.0050575866049812155,5844396.553424171,1090.3724913104797,981.3352421794318,5493.389162550814,0.9757182390317172,0.000725920486020876,,,,,
2026-07-26T00:00:00,2026-07-26,HOSP-003,BATCH-20260726-HOSP-003,DEVELOPMENT_SIMULATION,False,,4504,3763,39,0.0024930071665173604,0.01454539254526303,0.0012927836950737746,0.011034485933813778,5895585.0552034145,1308.9664865016462,1178.0698378514817,5091.628681396068,0.8845892506766722,0.0004418072021613068,,,,,
2026-07-26T00:00:00,2026-07-26,HOSP-004,BATCH-20260726-HOSP-004,DEVELOPMENT_SIMULATION,False,,5029,4384,55,0.0011025682632257428,0.016824956552523126,0.002520782475143428,0.008988227808969004,6549050.670257648,1302.257043200964,1172.0313388808677,5990.03712529722,0.8395607397425714,0.0007883949353879154,,,,,
2026-07-26T00:00:00,2026-07-26,HOSP-005,BATCH-20260726-HOSP-005,DEVELOPMENT_SIMULATION,False,,5297,4996,54,0.0010729303307054465,0.013915559713670922,0.0010302514999125684,0.011474747141546029,6222552.39106589,1174.7314311999037,1057.2582880799134,6741.009246484501,0.7857873808380302,0.00015424065126060479,,,,,
2026-07-27T00:00:00,2026-07-27,HOSP-001,BATCH-20260727-HOSP-001,DEVELOPMENT_SIMULATION,True,VOLUME,14715,3998,52,0.002943487036745303,0.015135531354410158,0.0021394916078476913,0.008072899649262865,5974238.081140781,1217.9894151153478,1096.190473603813,15521.957803135614,0.9480118543440055,0.0006493004049798266,,,,,
2026-07-27T00:00:00,2026-07-27,HOSP-002,BATCH-20260727-HOSP-002,DEVELOPMENT_SIMULATION,False,,4505,3883,54,0.0014875443733477901,0.013622986990693605,0.003724471415859931,0.006814383476956269,6237905.2386241285,1384.6626500830473,1246.1963850747427,4318.820487162557,1.0431088797024213,0.0006105809976660132,,,,,
2026-07-27T00:00:00,2026-07-27,HOSP-003,BATCH-20260727-HOSP-003,DEVELOPMENT_SIMULATION,False,,5698,5028,49,0.0011736501314192768,0.022663027511880443,0.004805613368826628,0.011016118201463311,6865440.468071586,1204.8860070325704,1084.3974063293135,5582.298585346395,1.0207264826280205,0.000290840355917404,,,,,
2026-07-27T00:00:00,2026-07-27,HOSP-004,BATCH-20260727-HOSP-004,DEVELOPMENT_SIMULATION,False,,4298,3979,58,0.004600092493592045,0.017068427586054362,0.0019474822358979283,0.012805255152438617,5502687.115479016,1280.2901618145686,1152.2611456331117,4610.845990524001,0.9321499804662859,0.0007007949093623234,,,,,
2026-07-27T00:00:00,2026-07-27,HOSP-005,BATCH-20260727-HOSP-005,DEVELOPMENT_SIMULATION,False,,5119,4442,46,0.0033464338527018963,0.013360284154897269,0.003947494979776729,0.013627970775432284,6047951.247420502,1181.4712341122292,1063.3241107010062,4630.620298815136,1.1054674470523589,0.0006777743503989395,,,,,
2026-07-28T00:00:00,2026-07-28,HOSP-001,BATCH-20260728-HOSP-001,DEVELOPMENT_SIMULATION,False,,5481,4575,61,0.002563623983622059,0.02188952670372346,0.0029870674354366775,0.014877855202148873,6804410.368461562,1241.4541814379788,1117.308763294181,5693.998064659202,0.9625925294950113,0.00048537965343305325,,,,,
2026-07-28T00:00:00,2026-07-28,HOSP-002,BATCH-20260728-HOSP-002,DEVELOPMENT_SIMULATION,True,DISTRIBUTION,5488,5206,55,0.001513577157816501,0.012082192987683326,0.0038973552685149645,0.01078386917006409,9566302.0436191,1743.130838851877,1568.8177549666893,5058.078953503848,1.0849969030630364,0.0009047717871977065,,,,,
2026-07-28T00:00:00,2026-07-28,HOSP-003,BATCH-20260728-HOSP-003,DEVELOPMENT_SIMULATION,False,,4709,3927,44,0.002419985223327749,0.011388476854921867,0.0030762391636330816,0.005676125635922149,5357985.76229154,1137.818169949361,1024.036352954425,5354.503748832979,0.8794465782242347,0.0008920711788053125,,,,,
2026-07-28T00:00:00,2026-07-28,HOSP-004,BATCH-20260728-HOSP-004,DEVELOPMENT_SIMULATION,False,,5231,4439,60,0.0023320076522327917,0.023389739103963803,0.00497655744488467,0.011618391898493785,7152122.615554802,1367.2572386837703,1230.5315148153934,5700.098124079057,0.9177035002086307,0.0001541281083407067,,,,,
2026-07-28T00:00:00,2026-07-28,HOSP-005,BATCH-20260728-HOSP-005,DEVELOPMENT_SIMULATION,False,,5279,4362,50,0.003760019563282663,0.014018673773181129,0.0031433107378923252,0.005966764496467197,7170711.186900263,1358.3465025384094,1222.5118522845685,5426.453991295898,0.9728268236435035,0.0006984205520384962,,,,,
2026-07-29T00:00:00,2026-07-29,HOSP-001,BATCH-20260729-HOSP-001,DEVELOPMENT_SIMULATION,False,,4733,3894,42,0.004969934008633501,0.0285400193584859,0.003159828521122238,0.013420332943764213,6777338.671273337,1431.9329539981695,1288.7396585983527,4494.46215882148,1.0530737233398062,0.0007797433784471272,,,,,
2026-07-29T00:00:00,2026-07-29,HOSP-002,BATCH-20260729-HOSP-002,DEVELOPMENT_SIMULATION,False,,5066,4647,49,0.0038349787909719058,0.010723207610495243,0.0022125134237813144,0.007631125699108428,5722407.8470303435,1129.5712291808811,1016.614106262793,6427.563257803486,0.7881680501315241,0.0005984220166411387,,,,,
2026-07-29T00:00:00,2026-07-29,HOSP-003,BATCH-20260729-HOSP-003,DEVELOPMENT_SIMULATION,True,OPERATIONAL,4575,3966,41,0.003402377333442469,0.020313588553929954,0.004677567892857669,0.009969634829058303,5527436.931535511,1208.1829358547566,1087.364642269281,24233.258308715136,0.18879013056014296,0.0008901768884005625,,,,,
2026-07-29T00:00:00,2026-07-29,HOSP-004,BATCH-20260729-HOSP-004,DEVELOPMENT_SIMULATION,False,,5133,4714,51,0.002218716556392163,0.011618385661025044,0.002611920715060646,0.006735245149865086,5627525.582134313,1096.3424083643704,986.7081675279334,6740.829715964449,0.7614789597552669,0.0006768748696107989,,,,,
2026-07-29T00:00:00,2026-07-29,HOSP-005,BATCH-20260729-HOSP-005,DEVELOPMENT_SIMULATION,False,,4887,4541,50,0.004691028762053577,0.019741238376378718,0.00342501175100391,0.012648098009029954,5869459.32531746,1201.0352619843381,1080.9317357859043,5057.722863454302,0.9662451130551463,0.00023173659294602422,,,,,
2026-07-30T00:00:00,2026-07-30,HOSP-001,BATCH-20260730-HOSP-001,DEVELOPMENT_SIMULATION,False,,4695,3774,49,0.001540665156619291,0.02926230223178347,0.0031981181435800678,0.014658221611532199,4787769.017931465,1019.7591092505783,917.7831983255204,5141.881466294735,0.9130898934127394,0.0004955605197696191,,,,,
2026-07-30T00:00:00,2026-07-30,HOSP-002,BATCH-20260730-HOSP-002,DEVELOPMENT_SIMULATION,False,,5141,4279,46,0.0034783518195913186,0.023004021847963067,0.0016080994125145924,0.005613496271106681,6059469.02005478,1178.6557129069793,1060.7901416162813,4881.480642762456,1.0531640656247037,0.0009953796854527905,,,,,
2026-07-30T00:00:00,2026-07-30,HOSP-003,BATCH-20260730-HOSP-003,DEVELOPMENT_SIMULATION,False,,5074,4807,48,0.0019567204168637027,0.012844987373743923,0.0014855397576897156,0.008032751475675955,6242262.985066326,1230.2449714360123,1107.2204742924112,4622.834584809381,1.0975949727193672,0.0005584799153348107,,,,,
2026-07-30T00:00:00,2026-07-30,HOSP-004,BATCH-20260730-HOSP-004,DEVELOPMENT_SIMULATION,True,OPERATIONAL,4232,3781,54,0.0031081658556466065,0.018521667677807427,0.001522841506960798,0.013866042152404667,4499936.934830594,1063.3121301584579,956.9809171426122,4485.666488975808,0.9434495432062926,0.12152018720172375,,,,,
2026-07-30T00:00:00,2026-07-30,HOSP-005,BATCH-20260730-HOSP-005,DEVELOPMENT_SIMULATION,False,,5270,4824,53,0.0010441250577145889,0.01832307996359523,0.0029253766065412946,0.005191922768230567,6778853.819191922,1286.3100226170632,1157.679020355357,4925.383241570772,1.0699675013145424,0.0005817791183073325,,,,,
2026-07-31T00:00:00,2026-07-31,HOSP-001,BATCH-20260731-HOSP-001,DEVELOPMENT_SIMULATION,False,,4992,4075,52,0.003191837955894772,0.019087546691199216,0.004377428330958464,0.005980825807842446,5394824.47050881,1080.6940045089764,972.6246040580787,5137.904039548416,0.971602420281629,0.0007636213696490198,,,,,
2026-07-31T00:00:00,2026-07-31,HOSP-002,BATCH-20260731-HOSP-002,DEVELOPMENT_SIMULATION,False,,3848,3306,47,0.002837787073623947,0.02570033087674114,0.004568338755760938,0.014553346865039282,4360140.810163665,1133.0927261340084,1019.7834535206076,4741.5674083480135,0.8115459865075846,0.0004938428116498528,,,,,
2026-07-31T00:00:00,2026-07-31,HOSP-003,BATCH-20260731-HOSP-003,DEVELOPMENT_SIMULATION,False,,5338,4301,47,0.004607047968541694,0.01922954929249468,0.003548805907233122,0.011593539222057827,6553219.009387306,1227.6543666892667,1104.88893002034,6161.220915530099,0.8663867232134022,0.00015998683650462098,,,,,
2026-07-31T00:00:00,2026-07-31,HOSP-004,BATCH-20260731-HOSP-004,DEVELOPMENT_SIMULATION,False,,4404,4010,50,0.003048887683250698,0.023604555584167065,0.001166691602409537,0.005847920160458032,5123912.3888021475,1163.4678448687891,1047.1210603819102,4167.193882217771,1.056826277940349,0.00011089762771139871,,,,,
2026-07-31T00:00:00,2026-07-31,HOSP-005,BATCH-20260731-HOSP-005,DEVELOPMENT_SIMULATION,True,DATA_QUALITY,4326,3687,45,0.4,0.023227412221408287,0.001740782271469872,0.006741093353340843,5313428.3293937985,1228.2543526106792,1105.4289173496113,5212.6851870341725,0.829898573341878,0.0003385417854925036,,,,,
